ID,Name,Class,Math,Science,English,Attendance (%),Average Marks
1,Aarav,10,85,90,88,95.0,87.66666666666667
2,Sita,10,78,80,82,88.0,80.0
3,Prakash,10,92,95,91,98.0,92.66666666666667
4,Maya,10,60,65,70,0.0,65.0
5,Laxmi,10,55,58,62,0.0,58.333333333333336
